{"cameraMode":{"drawMode":0,"name":"Shaded","section":"Shading Mode"},"sceneLighting":true,"audioPlay":false,"sceneViewState":{"m_AlwaysRefresh":false,"showFog":true,"showSkybox":true,"showFlares":true,"showImageEffects":true,"showParticleSystems":true,"showVisualEffectGraphs":true,"m_FxEnabled":true},"in2DMode":false,"pivot":{"x":39.5561637878418,"y":246.13365173339845,"z":63.60727310180664},"rotation":{"x":-0.15567055344581605,"y":0.006516869645565748,"z":-0.001026889425702393,"w":-0.9877882599830627},"size":9.777789115905762,"orthographic":false}